uid,mid,rating
0,87,2
0,3,4
0,4,2
0,44,1
0,74,0
0,67,0
0,58,4
0,1,0
1,21,1
1,31,1
1,6,0
1,22,2
1,8,1
1,76,0
1,17,0
1,60,1
2,56,1
2,46,2
2,74,2
2,1,3
2,13,4
2,6,3
2,25,3
2,55,1
3,3,3
3,4,4
3,5,1
3,8,4
3,29,2
3,0,4
3,24,3
3,40,2
4,4,1
4,30,1
4,55,0
4,47,4
4,9,4
4,31,0
4,19,1
4,50,3
5,0,4
5,46,1
5,34,1
5,11,1
5,3,1
5,43,2
5,6,4
5,56,2
6,5,2
6,9,4
6,10,4
6,25,4
6,4,4
6,3,3
6,11,4
6,2,4
7,9,3
7,14,2
7,3,4
7,69,2
7,5,3
7,8,4
7,27,2
7,6,1
8,29,1
8,26,4
8,38,4
8,0,4
8,22,3
8,27,2
8,19,4
8,15,1
9,6,0
9,36,2
9,18,1
9,14,4
9,37,4
9,9,3
9,20,2
9,1,4
10,64,2
10,0,0
10,8,4
10,6,1
10,11,4
10,5,4
10,30,4
10,88,2
11,9,4
11,17,3
11,23,4
11,13,4
11,32,4
11,15,4
11,53,4
11,19,4
12,66,4
12,8,4
12,74,2
12,20,4
12,4,4
12,27,4
12,19,2
12,26,2
13,4,0
13,14,3
13,60,3
13,6,0
13,9,4
13,16,0
13,24,4
13,31,4
14,35,2
14,6,2
14,21,3
14,60,4
14,8,4
14,44,4
14,15,3
14,9,4
15,4,4
15,39,4
15,72,3
15,27,4
15,65,3
15,47,4
15,33,3
15,12,4
16,6,4
16,26,2
16,15,4
16,17,4
16,31,2
16,0,4
16,5,4
16,10,4
17,10,4
17,44,3
17,13,4
17,2,4
17,11,4
17,41,4
17,84,2
17,4,4
18,61,3
18,29,4
18,13,3
18,88,4
18,7,4
18,22,2
18,56,2
18,34,2
19,9,4
19,24,2
19,12,2
19,45,3
19,0,3
19,91,2
19,13,4
19,46,2
20,14,2
20,17,2
20,11,3
20,37,4
20,3,4
20,38,3
20,20,3
20,7,3
21,33,3
21,46,3
21,36,2
21,26,2
21,35,4
21,23,2
21,89,2
21,19,4
22,2,2
22,30,1
22,36,3
22,60,3
22,13,3
22,84,4
22,31,4
22,85,1
23,33,3
23,25,3
23,11,3
23,3,3
23,38,3
23,26,2
23,2,4
23,13,3
24,4,2
24,49,0
24,9,4
24,15,4
24,19,4
24,6,1
24,38,4
24,20,4
25,25,4
25,23,4
25,58,2
25,29,2
25,42,4
25,49,4
25,40,4
25,62,4
26,4,1
26,5,3
26,82,2
26,72,4
26,0,4
26,8,1
26,6,4
26,27,4
27,6,4
27,82,3
27,12,2
27,32,3
27,37,4
27,2,4
27,23,3
27,4,3
28,39,3
28,41,0
28,27,3
28,71,4
28,10,2
28,3,4
28,29,3
28,50,4
29,11,4
29,4,4
29,16,4
29,64,3
29,25,2
29,0,3
29,12,4
29,17,3
30,18,0
30,17,0
30,16,0
30,30,0
30,10,4
30,20,2
30,91,0
30,13,2
31,48,4
31,36,3
31,11,4
31,22,4
31,1,4
31,30,1
31,18,4
31,3,0
32,28,1
32,18,0
32,71,2
32,34,0
32,25,4
32,15,2
32,16,2
32,22,2
33,1,3
33,54,3
33,27,4
33,41,2
33,28,4
33,24,2
33,34,3
33,5,3
34,13,4
34,40,0
34,31,3
34,29,0
34,1,4
34,26,4
34,7,4
34,8,4
35,9,4
35,16,0
35,8,4
35,1,4
35,28,3
35,7,1
35,3,2
35,53,4
36,6,4
36,28,2
36,24,2
36,21,4
36,2,4
36,13,4
36,51,2
36,22,4
37,52,0
37,9,3
37,23,2
37,39,2
37,11,2
37,17,1
37,10,2
37,19,4
38,20,4
38,23,4
38,0,3
38,5,2
38,39,3
38,11,4
38,27,4
38,51,3
39,10,0
39,42,2
39,18,2
39,47,3
39,21,2
39,43,4
39,9,3
39,27,3
40,36,3
40,23,2
40,17,2
40,37,1
40,15,4
40,12,3
40,20,3
40,27,2
41,81,4
41,28,1
41,18,0
41,30,3
41,40,3
41,0,4
41,6,2
41,17,1
42,58,2
42,6,2
42,19,4
42,49,3
42,24,4
42,5,2
42,75,3
42,25,3
43,95,2
43,15,4
43,2,4
43,16,3
43,18,1
43,19,3
43,32,2
43,46,3
44,21,3
44,15,4
44,0,4
44,42,3
44,6,4
44,4,3
44,51,3
44,7,1
45,18,1
45,65,2
45,5,4
45,13,2
45,32,1
45,1,3
45,10,2
45,14,3
46,50,4
46,66,4
46,17,4
46,51,4
46,35,4
46,27,4
46,11,4
46,2,2
47,42,0
47,14,1
47,17,0
47,5,2
47,1,4
47,23,2
47,49,4
47,87,2
48,20,2
48,7,1
48,16,3
48,27,2
48,10,3
48,17,3
48,45,4
48,0,4
49,10,3
49,49,1
49,28,1
49,41,3
49,19,4
49,17,2
49,44,2
49,29,4
50,34,1
50,1,3
50,37,3
50,61,4
50,90,0
50,2,4
50,8,4
50,5,2
51,43,4
51,0,4
51,18,2
51,25,4
51,15,2
51,24,2
51,30,3
51,6,0
52,35,2
52,1,3
52,19,3
52,48,2
52,24,2
52,41,2
52,27,2
52,21,2
53,85,1
53,7,2
53,45,4
53,15,2
53,39,3
53,28,2
53,8,1
53,5,3
54,18,1
54,14,4
54,20,2
54,16,4
54,39,2
54,36,3
54,47,4
54,9,4
55,73,4
55,24,4
55,32,3
55,5,2
55,16,2
55,30,2
55,14,4
55,23,3
56,2,4
56,58,4
56,40,4
56,17,4
56,1,4
56,51,3
56,30,4
56,16,3
57,35,0
57,17,0
57,7,4
57,14,1
57,32,1
57,8,2
57,57,0
57,38,3
58,10,3
58,7,4
58,76,3
58,11,3
58,32,3
58,6,4
58,56,3
58,41,4
59,33,2
59,60,1
59,87,2
59,90,2
59,56,1
59,0,3
59,11,3
59,61,4
60,3,4
60,14,4
60,49,3
60,71,4
60,9,4
60,11,3
60,23,3
60,17,4
61,0,4
61,58,2
61,37,4
61,19,4
61,5,2
61,44,2
61,53,4
61,13,4
62,20,2
62,25,2
62,7,4
62,36,0
62,5,4
62,51,1
62,10,4
62,31,3
63,10,3
63,51,2
63,20,4
63,16,4
63,13,2
63,19,4
63,0,4
63,69,4
64,10,4
64,1,4
64,17,4
64,84,2
64,11,4
64,42,4
64,27,1
64,13,1
65,6,4
65,14,4
65,70,2
65,16,3
65,7,2
65,46,2
65,2,4
65,10,4
66,18,4
66,37,4
66,1,4
66,5,4
66,17,3
66,24,4
66,16,3
66,23,4
67,8,4
67,3,4
67,78,2
67,5,2
67,45,4
67,6,4
67,12,0
67,0,1
68,23,0
68,1,4
68,30,4
68,2,4
68,11,1
68,13,4
68,10,0
68,12,0
69,5,3
69,12,1
69,15,4
69,57,3
69,2,4
69,8,4
69,35,4
69,23,2
70,22,4
70,12,0
70,1,4
70,4,3
70,23,3
70,48,3
70,13,2
70,16,0
71,4,4
71,33,0
71,14,2
71,17,3
71,8,4
71,2,1
71,7,4
71,37,4
72,51,3
72,16,4
72,18,0
72,2,4
72,27,2
72,52,0
72,11,2
72,98,2
73,8,4
73,5,2
73,29,0
73,45,2
73,1,4
73,79,1
73,9,0
73,22,2
74,17,1
74,8,3
74,6,2
74,7,2
74,13,3
74,20,3
74,70,2
74,10,4
75,12,4
75,38,4
75,9,3
75,1,4
75,5,3
75,19,3
75,53,4
75,13,4
76,26,4
76,1,4
76,37,4
76,11,4
76,5,1
76,9,3
76,25,3
76,24,2
77,26,4
77,10,2
77,20,2
77,25,3
77,17,2
77,1,4
77,31,3
77,18,2
78,0,4
78,22,4
78,11,4
78,38,0
78,21,3
78,33,2
78,26,4
78,35,2
79,36,3
79,27,4
79,12,2
79,16,2
79,24,2
79,51,3
79,21,4
79,5,2
80,44,2
80,22,4
80,8,3
80,6,3
80,5,4
80,25,4
80,19,3
80,69,2
81,6,2
81,67,2
81,0,3
81,14,4
81,87,3
81,30,2
81,1,4
81,35,4
82,6,4
82,49,3
82,34,4
82,99,0
82,39,2
82,16,4
82,10,1
82,43,4
83,26,3
83,31,3
83,9,4
83,8,4
83,7,2
83,13,4
83,24,2
83,16,0
84,13,3
84,31,3
84,48,1
84,42,4
84,17,2
84,2,4
84,12,1
84,1,2
85,9,4
85,23,2
85,21,2
85,6,4
85,51,2
85,2,4
85,4,2
85,20,2
86,20,4
86,38,4
86,8,4
86,18,4
86,13,3
86,48,3
86,36,4
86,23,3
87,52,0
87,19,4
87,6,3
87,30,1
87,2,3
87,21,3
87,42,3
87,47,3
88,2,3
88,26,3
88,14,1
88,41,1
88,10,2
88,16,2
88,7,3
88,43,0
89,88,2
89,18,1
89,6,2
89,19,4
89,0,2
89,26,2
89,49,2
89,29,2
90,11,4
90,43,2
90,16,2
90,20,4
90,93,2
90,17,4
90,27,3
90,1,3
91,55,1
91,4,1
91,12,2
91,39,2
91,58,4
91,7,2
91,52,2
91,3,2
92,6,4
92,19,4
92,36,4
92,17,3
92,13,4
92,22,4
92,64,4
92,11,4
93,2,4
93,11,4
93,24,0
93,6,3
93,41,0
93,71,4
93,44,4
93,42,4
94,47,4
94,6,2
94,24,4
94,18,2
94,77,2
94,22,4
94,2,1
94,39,4
95,6,4
95,12,2
95,70,3
95,21,3
95,15,4
95,10,4
95,13,3
95,24,3
96,48,4
96,42,2
96,26,2
96,1,3
96,9,2
96,0,2
96,43,3
96,13,2
97,30,2
97,1,1
97,22,3
97,28,1
97,24,1
97,31,2
97,16,4
97,47,3
98,0,3
98,9,4
98,8,4
98,19,4
98,89,1
98,66,2
98,3,3
98,77,0
99,20,2
99,31,2
99,18,2
99,7,2
99,30,2
99,57,3
99,11,3
99,21,2
100,5,4
100,52,4
100,35,4
100,11,4
100,18,4
100,14,3
100,1,4
100,3,4
101,1,2
101,25,2
101,20,3
101,32,4
101,11,3
101,13,3
101,31,3
101,8,3
102,50,3
102,48,4
102,23,3
102,21,4
102,15,3
102,14,3
102,1,4
102,46,3
103,91,2
103,62,3
103,33,4
103,6,4
103,18,3
103,7,2
103,5,4
103,38,4
104,9,0
104,59,0
104,6,3
104,35,1
104,29,4
104,16,4
104,11,4
104,2,4
105,18,4
105,5,4
105,47,4
105,7,0
105,27,4
105,10,4
105,12,4
105,6,3
106,97,2
106,48,4
106,11,3
106,1,1
106,53,2
106,24,2
106,7,3
106,18,2
107,78,2
107,8,2
107,19,2
107,17,2
107,3,4
107,5,3
107,1,4
107,59,0
108,32,2
108,13,4
108,15,4
108,42,2
108,4,3
108,3,2
108,2,4
108,48,1
109,19,4
109,68,2
109,32,4
109,10,2
109,12,2
109,11,4
109,9,3
109,20,2
110,27,4
110,79,4
110,10,4
110,5,3
110,17,4
110,49,2
110,42,4
110,3,4
111,5,3
111,77,1
111,0,4
111,99,0
111,3,0
111,97,0
111,49,1
111,12,2
112,52,3
112,44,2
112,12,4
112,60,2
112,21,3
112,5,3
112,49,2
112,14,3
113,29,2
113,38,3
113,13,0
113,32,0
113,98,0
113,3,0
113,9,1
113,7,2
114,3,4
114,11,4
114,0,4
114,12,1
114,43,2
114,14,2
114,41,4
114,1,3
115,8,4
115,1,4
115,13,3
115,69,2
115,7,3
115,9,3
115,36,4
115,19,4
116,47,2
116,3,3
116,81,2
116,84,2
116,6,4
116,25,4
116,5,3
116,8,3
117,10,0
117,60,2
117,46,2
117,31,3
117,2,3
117,15,4
117,43,3
117,17,2
118,46,0
118,85,2
118,14,4
118,27,2
118,3,4
118,29,1
118,24,4
118,5,3
119,46,1
119,0,3
119,34,1
119,51,3
119,28,3
119,15,4
119,19,1
119,4,4
120,17,4
120,92,2
120,0,3
120,11,4
120,34,4
120,28,2
120,54,4
120,15,4
121,18,3
121,0,3
121,35,0
121,15,4
121,2,3
121,7,4
121,57,1
121,59,1
122,60,3
122,68,2
122,18,3
122,2,4
122,62,4
122,33,1
122,8,4
122,12,1
123,66,2
123,27,2
123,32,3
123,18,4
123,14,3
123,97,1
123,39,2
123,20,2
124,11,3
124,6,3
124,49,3
124,13,3
124,27,3
124,29,2
124,4,4
124,47,4
125,5,3
125,1,2
125,42,2
125,9,3
125,19,4
125,11,3
125,4,4
125,23,3
126,50,4
126,34,0
126,42,4
126,28,0
126,2,4
126,10,4
126,44,4
126,45,3
127,4,2
127,58,2
127,6,4
127,16,2
127,11,4
127,2,4
127,9,4
127,37,3
128,10,4
128,18,0
128,60,2
128,11,3
128,27,3
128,4,1
128,5,4
128,44,3
129,23,4
129,51,0
129,78,2
129,3,4
129,13,2
129,77,0
129,1,2
129,0,1
130,0,4
130,23,3
130,93,2
130,9,4
130,32,1
130,10,4
130,48,3
130,13,3
131,10,2
131,72,4
131,3,4
131,73,4
131,6,3
131,26,4
131,94,2
131,45,2
132,18,2
132,24,3
132,15,4
132,39,2
132,5,2
132,65,3
132,27,2
132,17,3
133,15,4
133,24,0
133,4,4
133,5,3
133,26,2
133,73,2
133,64,2
133,35,2
134,80,1
134,11,2
134,23,0
134,20,2
134,73,4
134,6,0
134,26,4
134,21,4
135,0,4
135,19,4
135,47,4
135,9,4
135,45,2
135,14,3
135,96,3
135,82,2
136,16,4
136,51,0
136,1,4
136,13,4
136,20,4
136,36,3
136,24,0
136,17,2
137,51,1
137,28,1
137,42,2
137,13,2
137,18,2
137,16,2
137,40,2
137,23,1
138,55,1
138,42,0
138,8,3
138,18,0
138,31,1
138,17,1
138,36,3
138,2,3
139,10,3
139,23,4
139,9,4
139,31,3
139,20,3
139,26,1
139,25,4
139,12,2
140,61,2
140,5,4
140,50,2
140,68,4
140,24,4
140,8,2
140,11,4
140,16,2
141,22,4
141,4,1
141,70,4
141,34,0
141,42,2
141,27,0
141,5,2
141,14,0
142,62,0
142,22,4
142,0,4
142,36,0
142,8,3
142,35,2
142,9,3
142,27,3
143,29,2
143,2,4
143,18,4
143,6,4
143,13,4
143,1,3
143,0,1
143,42,2
144,39,4
144,43,4
144,46,4
144,27,4
144,38,0
144,58,0
144,2,4
144,10,2
145,12,1
145,36,3
145,53,3
145,3,3
145,19,4
145,7,2
145,23,0
145,71,1
146,98,3
146,29,3
146,65,4
146,41,4
146,14,4
146,57,4
146,8,4
146,11,4
147,3,1
147,74,3
147,21,2
147,6,4
147,7,4
147,28,3
147,58,3
147,5,2
148,34,4
148,11,2
148,3,4
148,38,3
148,23,3
148,10,3
148,6,2
148,37,3
149,21,3
149,66,2
149,6,4
149,3,3
149,13,4
149,0,3
149,83,2
149,77,1
150,22,2
150,48,0
150,39,2
150,20,4
150,13,4
150,6,4
150,67,2
150,16,0
151,7,2
151,6,4
151,9,2
151,15,2
151,31,3
151,11,3
151,32,2
151,1,4
152,23,4
152,48,4
152,63,4
152,45,4
152,11,4
152,9,4
152,5,4
152,15,4
153,2,4
153,9,2
153,18,4
153,50,3
153,0,2
153,30,3
153,13,4
153,21,4
154,11,3
154,23,2
154,0,3
154,12,3
154,37,4
154,15,3
154,25,4
154,24,3
155,19,4
155,6,0
155,38,0
155,87,0
155,9,0
155,41,0
155,50,0
155,0,0
156,9,3
156,15,1
156,7,3
156,73,1
156,3,2
156,4,4
156,6,4
156,35,4
157,12,4
157,57,3
157,5,4
157,3,4
157,17,2
157,16,3
157,22,3
157,6,3
158,10,1
158,5,0
158,39,2
158,33,2
158,42,0
158,15,4
158,32,1
158,18,1
159,10,3
159,18,2
159,2,3
159,61,4
159,27,4
159,16,2
159,19,4
159,29,2
160,30,0
160,55,2
160,25,3
160,4,4
160,8,3
160,21,2
160,1,3
160,9,2
161,85,2
161,28,2
161,36,4
161,1,3
161,94,2
161,16,3
161,18,1
161,20,3
162,10,4
162,43,2
162,8,4
162,29,2
162,21,2
162,71,2
162,48,4
162,30,0
163,80,2
163,32,4
163,16,3
163,24,3
163,35,3
163,39,4
163,19,2
163,8,1
164,0,4
164,1,4
164,60,3
164,10,2
164,25,2
164,15,4
164,13,4
164,3,4
165,0,4
165,61,4
165,76,4
165,25,0
165,8,0
165,17,4
165,29,1
165,38,1
166,18,4
166,4,0
166,33,1
166,58,4
166,47,4
166,12,1
166,8,4
166,20,4
167,5,4
167,61,4
167,12,4
167,31,4
167,22,4
167,10,3
167,55,2
167,23,3
168,10,3
168,52,4
168,1,4
168,0,3
168,20,4
168,26,3
168,13,4
168,22,3
169,58,3
169,15,3
169,7,3
169,6,4
169,14,3
169,5,1
169,17,0
169,2,4
170,11,1
170,6,4
170,56,2
170,8,4
170,15,4
170,22,4
170,10,3
170,12,1
171,47,4
171,17,3
171,5,2
171,21,4
171,18,4
171,12,3
171,53,4
171,52,2
172,14,4
172,9,4
172,2,2
172,12,4
172,6,4
172,7,3
172,8,4
172,5,4
173,10,4
173,58,1
173,6,4
173,84,2
173,1,3
173,2,2
173,16,4
173,57,3
174,45,1
174,4,4
174,24,2
174,21,4
174,35,3
174,36,2
174,18,2
174,26,2
175,61,2
175,77,2
175,26,2
175,68,2
175,6,2
175,27,2
175,19,2
175,16,2
176,48,4
176,12,2
176,29,3
176,47,3
176,1,4
176,18,4
176,17,2
176,3,2
177,8,3
177,24,2
177,4,0
177,20,2
177,14,1
177,10,4
177,1,4
177,79,4
178,40,1
178,24,2
178,9,3
178,23,2
178,31,2
178,21,3
178,4,3
178,47,3
179,29,2
179,6,4
179,10,3
179,7,1
179,2,4
179,25,1
179,34,3
179,9,4
180,47,3
180,24,2
180,15,3
180,0,4
180,12,4
180,8,4
180,11,3
180,7,3
181,68,3
181,41,4
181,20,2
181,6,4
181,42,4
181,16,4
181,2,2
181,9,3
182,68,4
182,19,4
182,24,4
182,25,3
182,1,4
182,17,3
182,52,4
182,27,4
183,7,3
183,20,4
183,53,4
183,10,4
183,98,4
183,12,4
183,9,4
183,28,3
184,1,4
184,7,3
184,21,3
184,8,3
184,51,2
184,32,4
184,59,2
184,41,3
185,35,3
185,46,3
185,30,2
185,9,4
185,4,4
185,6,4
185,85,2
185,20,4
186,64,2
186,60,2
186,16,4
186,7,2
186,47,1
186,38,4
186,3,4
186,87,2
187,79,4
187,5,4
187,25,4
187,11,4
187,46,1
187,21,1
187,29,4
187,12,2
188,11,4
188,60,4
188,18,4
188,6,4
188,35,4
188,2,4
188,16,4
188,74,4
189,1,1
189,2,0
189,64,0
189,27,0
189,22,1
189,12,1
189,24,1
189,25,0
190,61,4
190,32,3
190,31,2
190,26,4
190,15,4
190,14,2
190,3,2
190,4,4
191,27,4
191,14,4
191,31,4
191,1,1
191,46,4
191,8,4
191,29,0
191,19,4
192,13,4
192,6,0
192,25,0
192,56,0
192,20,4
192,15,1
192,3,4
192,5,2
193,33,0
193,58,2
193,28,0
193,4,0
193,24,0
193,49,2
193,20,3
193,36,4
194,79,4
194,29,2
194,4,4
194,0,4
194,8,3
194,28,2
194,6,4
194,63,3
195,98,1
195,13,2
195,5,4
195,22,3
195,47,3
195,20,1
195,6,3
195,11,2
196,24,4
196,39,4
196,11,4
196,12,4
196,49,2
196,1,4
196,15,1
196,5,2
197,63,2
197,14,2
197,33,3
197,36,1
197,26,4
197,12,3
197,16,2
197,6,4
198,19,2
198,28,2
198,5,2
198,36,4
198,3,2
198,16,4
198,23,4
198,18,4
199,66,0
199,78,4
199,5,0
199,23,4
199,63,3
199,44,4
199,16,1
199,15,4
200,14,4
200,28,1
200,20,4
200,7,4
200,26,3
200,13,2
200,73,2
200,9,4
201,10,3
201,0,4
201,26,4
201,6,1
201,56,2
201,31,3
201,12,4
201,49,2
202,34,0
202,23,0
202,3,2
202,26,4
202,5,3
202,45,4
202,4,1
202,7,4
203,12,4
203,13,2
203,32,3
203,42,3
203,8,4
203,60,3
203,48,3
203,11,3
204,10,4
204,0,2
204,7,4
204,42,1
204,4,3
204,17,3
204,11,2
204,19,3
205,8,4
205,25,4
205,16,3
205,0,2
205,5,1
205,67,2
205,19,4
205,39,2
206,30,2
206,63,1
206,20,4
206,6,4
206,10,3
206,36,4
206,78,3
206,3,3
207,8,4
207,43,3
207,0,4
207,53,4
207,14,4
207,6,2
207,4,2
207,12,3
208,1,4
208,65,1
208,2,3
208,77,1
208,8,2
208,48,3
208,32,4
208,14,0
209,24,1
209,45,2
209,22,1
209,11,3
209,9,3
209,8,4
209,46,2
209,35,1
210,35,3
210,18,4
210,17,3
210,1,4
210,20,4
210,26,4
210,64,4
210,34,4
211,1,3
211,30,2
211,25,3
211,36,0
211,16,0
211,71,4
211,18,0
211,29,3
212,57,3
212,33,3
212,69,1
212,2,4
212,4,1
212,7,1
212,39,2
212,11,3
213,29,2
213,0,2
213,93,2
213,41,4
213,15,4
213,18,2
213,63,4
213,26,2
214,21,2
214,11,3
214,47,4
214,24,3
214,48,4
214,13,1
214,42,2
214,35,1
215,38,4
215,69,0
215,21,3
215,41,4
215,5,3
215,18,1
215,23,1
215,0,1
216,26,3
216,7,2
216,52,3
216,6,3
216,16,2
216,79,3
216,20,3
216,36,3
217,0,1
217,46,1
217,1,4
217,47,1
217,96,2
217,24,0
217,34,4
217,29,1
218,15,1
218,5,2
218,17,2
218,2,4
218,87,2
218,24,2
218,72,4
218,20,2
219,6,4
219,15,1
219,46,3
219,2,4
219,33,1
219,16,1
219,25,4
219,10,2
220,19,4
220,17,2
220,94,2
220,48,2
220,6,1
220,28,3
220,68,4
220,62,3
221,16,3
221,12,3
221,15,4
221,21,3
221,49,2
221,47,4
221,39,4
221,46,1
222,4,2
222,26,3
222,51,3
222,12,4
222,43,2
222,1,2
222,6,2
222,11,4
223,17,2
223,9,4
223,18,2
223,5,2
223,53,4
223,32,3
223,28,3
223,15,4
224,0,3
224,35,4
224,65,1
224,20,3
224,36,3
224,25,0
224,2,3
224,5,1
225,38,3
225,21,3
225,35,3
225,67,3
225,30,3
225,7,0
225,5,4
225,29,2
226,7,3
226,17,1
226,20,4
226,6,4
226,32,3
226,22,2
226,92,1
226,27,4
227,12,0
227,6,0
227,17,1
227,5,4
227,2,0
227,0,3
227,56,3
227,50,1
228,62,4
228,90,4
228,95,3
228,67,2
228,42,2
228,12,3
228,2,4
228,31,4
229,19,4
229,6,2
229,33,2
229,54,0
229,36,3
229,0,4
229,27,1
229,82,1
230,29,2
230,87,2
230,16,2
230,5,3
230,7,3
230,0,3
230,8,4
230,1,4
231,25,2
231,0,3
231,57,4
231,10,4
231,11,3
231,47,4
231,19,4
231,27,3
232,14,2
232,77,2
232,15,3
232,55,4
232,11,4
232,4,4
232,9,4
232,20,4
233,30,2
233,23,0
233,1,2
233,35,0
233,9,4
233,27,2
233,4,0
233,11,3
234,5,2
234,13,3
234,3,2
234,8,4
234,51,0
234,16,0
234,37,4
234,34,1
235,36,3
235,5,2
235,11,2
235,7,2
235,9,2
235,20,4
235,49,2
235,3,4
236,29,3
236,18,3
236,9,4
236,0,4
236,2,4
236,11,3
236,95,2
236,12,1
237,8,4
237,22,2
237,58,4
237,16,1
237,14,2
237,0,4
237,27,2
237,40,2
238,25,4
238,26,4
238,0,4
238,41,4
238,1,4
238,18,4
238,39,4
238,75,4
239,27,2
239,6,4
239,52,2
239,12,2
239,62,2
239,86,2
239,5,3
239,55,2
240,3,3
240,7,4
240,61,2
240,23,3
240,9,3
240,15,4
240,6,3
240,33,4
241,11,4
241,36,2
241,5,3
241,49,0
241,3,3
241,16,2
241,9,4
241,4,0
242,94,2
242,10,4
242,65,2
242,7,4
242,22,4
242,30,1
242,0,4
242,3,4
243,6,3
243,2,4
243,4,1
243,33,3
243,61,4
243,0,4
243,38,4
243,52,3
244,37,3
244,30,3
244,34,1
244,6,2
244,25,2
244,54,2
244,0,3
244,12,3
245,26,3
245,25,1
245,28,0
245,13,0
245,19,4
245,10,4
245,59,0
245,0,4
246,15,4
246,12,0
246,78,0
246,35,0
246,10,0
246,49,0
246,20,4
246,11,4
247,1,3
247,29,3
247,25,2
247,14,3
247,15,1
247,5,3
247,8,4
247,64,0
248,70,3
248,18,0
248,28,3
248,23,0
248,8,3
248,64,0
248,7,4
248,16,1
249,23,2
249,73,4
249,43,3
249,28,2
249,50,2
249,31,3
249,37,3
249,9,3
250,10,4
250,36,1
250,20,2
250,55,2
250,28,1
250,18,0
250,6,4
250,26,4
251,38,1
251,9,3
251,16,2
251,12,4
251,14,2
251,47,3
251,2,2
251,11,4
252,15,3
252,5,3
252,3,3
252,25,4
252,27,3
252,0,4
252,36,4
252,48,3
253,54,2
253,25,1
253,8,4
253,26,3
253,5,1
253,11,3
253,17,1
253,59,0
254,0,4
254,67,2
254,7,2
254,51,3
254,8,4
254,1,2
254,19,4
254,48,2
255,4,4
255,59,2
255,12,4
255,19,4
255,30,4
255,14,4
255,25,2
255,8,4
256,14,2
256,7,4
256,25,3
256,5,4
256,12,1
256,29,1
256,19,4
256,10,3
257,51,2
257,29,4
257,10,3
257,24,2
257,3,2
257,17,2
257,19,3
257,16,2
258,7,4
258,35,3
258,36,4
258,13,4
258,43,4
258,1,4
258,67,4
258,21,4
259,20,4
259,8,4
259,2,3
259,23,0
259,6,4
259,5,4
259,0,3
259,36,2
260,50,1
260,5,2
260,40,3
260,19,2
260,3,4
260,9,0
260,13,2
260,6,0
261,76,2
261,25,2
261,1,4
261,31,2
261,33,2
261,34,3
261,27,2
261,2,2
262,1,0
262,15,4
262,34,1
262,16,3
262,12,0
262,3,1
262,17,1
262,0,3
263,65,2
263,25,2
263,43,3
263,2,4
263,6,4
263,24,3
263,53,4
263,0,4
264,55,2
264,17,0
264,28,1
264,2,4
264,14,4
264,0,2
264,40,2
264,19,3
265,32,2
265,73,4
265,30,2
265,6,4
265,10,3
265,44,2
265,9,4
265,31,3
266,19,4
266,80,1
266,69,0
266,2,4
266,16,1
266,7,2
266,81,0
266,10,2
267,2,1
267,0,3
267,4,3
267,6,2
267,21,2
267,43,3
267,7,3
267,13,2
268,37,2
268,0,3
268,32,1
268,34,2
268,50,3
268,12,2
268,66,2
268,3,3
269,36,0
269,12,1
269,6,1
269,10,1
269,62,0
269,26,0
269,1,0
269,41,1
270,10,1
270,1,3
270,35,3
270,37,4
270,29,2
270,69,1
270,30,1
270,20,3
271,13,4
271,5,4
271,2,4
271,21,3
271,34,1
271,3,4
271,25,4
271,14,4
272,24,3
272,28,4
272,41,4
272,50,1
272,0,4
272,3,4
272,10,4
272,14,4
273,5,3
273,52,1
273,11,1
273,6,1
273,1,1
273,2,3
273,27,1
273,30,2
274,9,2
274,31,2
274,3,2
274,0,2
274,12,0
274,14,0
274,30,2
274,19,4
275,12,3
275,70,4
275,2,4
275,8,4
275,16,2
275,20,4
275,46,4
275,1,4
276,21,4
276,14,3
276,7,4
276,6,4
276,31,4
276,11,4
276,17,3
276,3,3
277,51,2
277,30,4
277,36,4
277,10,4
277,25,4
277,15,4
277,37,4
277,0,4
278,16,1
278,25,3
278,12,2
278,26,4
278,73,2
278,57,1
278,18,1
278,0,4
279,1,2
279,24,2
279,7,4
279,6,4
279,16,1
279,34,3
279,0,4
279,18,2
280,13,3
280,35,0
280,16,3
280,58,1
280,3,1
280,9,3
280,52,2
280,1,2
281,3,4
281,29,3
281,71,3
281,26,4
281,1,0
281,0,4
281,63,0
281,32,0
282,23,1
282,24,0
282,11,3
282,3,3
282,27,3
282,12,0
282,0,1
282,8,4
283,27,4
283,1,2
283,43,2
283,6,4
283,11,3
283,22,4
283,9,3
283,35,3
284,0,3
284,9,4
284,31,2
284,47,3
284,59,2
284,5,2
284,2,2
284,15,4
285,6,4
285,4,3
285,16,4
285,7,3
285,59,4
285,27,4
285,39,4
285,12,4
286,6,1
286,75,2
286,29,3
286,30,2
286,17,1
286,16,1
286,60,3
286,10,3
287,23,2
287,17,1
287,28,1
287,74,2
287,13,4
287,71,4
287,2,4
287,25,3
288,8,4
288,24,3
288,41,4
288,3,4
288,16,2
288,63,3
288,13,4
288,29,3
289,20,1
289,11,3
289,21,3
289,2,4
289,63,1
289,33,1
289,54,2
289,79,3
290,26,2
290,46,2
290,10,0
290,23,4
290,28,0
290,5,2
290,19,4
290,39,2
291,17,0
291,1,3
291,8,4
291,45,4
291,2,4
291,27,2
291,26,4
291,23,0
292,1,1
292,10,4
292,4,2
292,2,3
292,14,2
292,39,3
292,9,4
292,18,1
293,29,2
293,7,4
293,30,2
293,23,0
293,1,4
293,48,2
293,99,0
293,38,0
294,1,2
294,13,3
294,30,2
294,37,4
294,6,4
294,14,2
294,3,3
294,29,3
295,34,2
295,6,1
295,93,0
295,1,2
295,63,0
295,14,0
295,25,2
295,11,3
296,99,3
296,41,4
296,10,4
296,28,3
296,1,0
296,36,3
296,38,4
296,15,2
297,60,2
297,8,3
297,3,3
297,66,0
297,31,2
297,5,3
297,21,3
297,17,0
298,33,4
298,70,4
298,30,4
298,37,4
298,9,4
298,0,4
298,23,4
298,71,4
299,32,3
299,5,3
299,17,2
299,48,3
299,11,3
299,40,2
299,6,3
299,2,4
300,0,4
300,12,2
300,41,2
300,85,3
300,8,3
300,54,2
300,16,4
300,39,4
301,21,1
301,45,4
301,6,4
301,7,2
301,34,1
301,44,4
301,51,4
301,25,0
302,71,2
302,0,4
302,4,4
302,22,2
302,49,4
302,24,4
302,14,3
302,46,2
303,57,3
303,35,2
303,20,2
303,25,4
303,40,2
303,7,4
303,6,2
303,0,3
304,87,2
304,8,4
304,9,4
304,42,2
304,7,4
304,6,3
304,5,4
304,3,4
305,8,3
305,36,4
305,11,4
305,21,1
305,32,2
305,67,2
305,65,4
305,9,3
306,74,4
306,16,3
306,11,3
306,19,4
306,37,4
306,4,4
306,34,3
306,5,4
307,40,2
307,9,4
307,4,0
307,11,4
307,7,4
307,30,1
307,15,4
307,45,4
308,79,4
308,49,2
308,61,4
308,18,3
308,50,2
308,10,4
308,8,4
308,64,2
309,45,4
309,0,2
309,21,3
309,55,2
309,24,2
309,20,4
309,1,3
309,32,3
310,19,4
310,4,4
310,33,3
310,9,4
310,32,4
310,30,4
310,10,4
310,27,4
311,32,1
311,27,4
311,15,4
311,8,4
311,14,4
311,44,2
311,13,4
311,29,4
312,2,4
312,14,4
312,24,3
312,9,4
312,26,3
312,81,1
312,29,2
312,25,4
313,0,3
313,1,0
313,27,2
313,3,3
313,19,4
313,10,1
313,32,4
313,5,3
314,1,4
314,58,4
314,19,4
314,62,4
314,7,4
314,41,4
314,5,4
314,23,4
315,83,3
315,35,0
315,82,3
315,49,4
315,42,2
315,41,4
315,22,4
315,9,4
316,26,4
316,8,4
316,11,2
316,34,2
316,3,4
316,21,3
316,9,4
316,1,2
317,62,1
317,12,3
317,14,1
317,26,3
317,3,3
317,4,2
317,9,3
317,56,2
318,18,4
318,75,2
318,11,4
318,56,1
318,24,2
318,14,2
318,6,3
318,27,4
319,1,2
319,17,1
319,9,2
319,30,2
319,4,4
319,22,2
319,13,4
319,2,4
320,14,2
320,20,4
320,7,2
320,0,2
320,6,3
320,39,2
320,13,3
320,17,3
321,18,1
321,2,2
321,0,3
321,19,1
321,12,0
321,25,1
321,16,1
321,32,2
322,24,2
322,74,0
322,20,4
322,4,3
322,7,4
322,11,3
322,22,2
322,54,4
323,9,3
323,8,2
323,30,2
323,35,1
323,59,2
323,11,3
323,48,3
323,7,4
324,14,3
324,15,2
324,21,4
324,3,4
324,76,4
324,23,3
324,8,3
324,34,3
325,15,4
325,16,2
325,7,2
325,86,2
325,36,3
325,24,4
325,90,3
325,1,4
326,41,4
326,0,4
326,27,3
326,1,4
326,45,1
326,67,1
326,42,3
326,8,4
327,78,2
327,26,3
327,4,2
327,22,0
327,29,4
327,67,2
327,24,3
327,15,2
328,17,4
328,50,2
328,2,4
328,4,4
328,7,1
328,10,2
328,76,4
328,55,2
329,35,4
329,4,3
329,3,2
329,17,2
329,0,4
329,10,3
329,25,4
329,33,1
330,6,4
330,3,3
330,11,1
330,79,2
330,31,4
330,2,4
330,55,1
330,14,0
331,60,0
331,53,2
331,13,1
331,48,4
331,50,0
331,33,1
331,9,4
331,15,0
332,15,2
332,12,1
332,11,4
332,44,4
332,21,4
332,1,0
332,75,4
332,4,0
333,69,3
333,35,0
333,59,0
333,6,0
333,2,4
333,62,0
333,16,2
333,50,4
334,42,2
334,46,3
334,1,2
334,71,2
334,13,4
334,34,3
334,10,0
334,9,4
335,3,3
335,50,3
335,10,3
335,21,4
335,14,4
335,6,4
335,59,4
335,46,3
336,90,0
336,65,2
336,14,2
336,5,3
336,33,2
336,28,1
336,1,4
336,13,4
337,10,0
337,78,2
337,3,3
337,93,0
337,12,3
337,11,4
337,52,1
337,1,4
338,27,4
338,38,4
338,36,4
338,54,4
338,20,4
338,3,4
338,33,3
338,78,2
339,34,2
339,6,4
339,52,2
339,39,2
339,2,2
339,35,4
339,1,2
339,23,2
340,36,2
340,1,3
340,27,4
340,99,2
340,64,4
340,3,4
340,4,3
340,18,3
341,36,4
341,2,3
341,0,3
341,12,3
341,5,3
341,43,3
341,27,4
341,55,2
342,4,4
342,25,4
342,3,3
342,10,2
342,8,4
342,76,2
342,12,1
342,63,2
343,18,3
343,81,2
343,34,4
343,13,3
343,91,1
343,22,4
343,26,4
343,1,2
344,0,4
344,74,4
344,18,3
344,28,3
344,13,3
344,12,3
344,48,4
344,8,4
345,11,4
345,28,4
345,25,3
345,7,2
345,3,2
345,27,2
345,21,2
345,4,4
346,15,4
346,19,2
346,44,4
346,5,3
346,42,1
346,21,2
346,56,0
346,93,1
347,0,3
347,19,3
347,10,3
347,21,4
347,86,2
347,42,4
347,67,2
347,49,4
348,18,2
348,0,3
348,1,3
348,27,4
348,2,3
348,14,3
348,17,3
348,5,4
349,4,4
349,16,4
349,3,4
349,27,1
349,30,3
349,15,3
349,11,3
349,46,2
350,4,3
350,42,4
350,79,3
350,43,3
350,6,4
350,35,4
350,0,1
350,41,4
351,18,0
351,60,1
351,1,4
351,8,4
351,29,1
351,23,1
351,32,1
351,15,4
352,1,4
352,38,4
352,49,4
352,23,4
352,26,4
352,56,4
352,50,4
352,14,4
353,77,0
353,29,2
353,26,4
353,38,0
353,35,2
353,7,4
353,8,4
353,3,3
354,21,3
354,27,3
354,51,2
354,1,3
354,5,2
354,4,4
354,0,4
354,10,3
355,4,4
355,90,0
355,22,4
355,45,4
355,31,4
355,13,4
355,74,4
355,12,1
356,2,4
356,35,1
356,21,1
356,5,3
356,23,2
356,29,2
356,6,3
356,0,3
357,3,4
357,53,1
357,24,1
357,2,4
357,18,0
357,29,2
357,16,2
357,11,4
358,12,2
358,37,3
358,8,4
358,18,4
358,98,2
358,51,4
358,89,2
358,25,2
359,12,0
359,60,0
359,0,1
359,7,4
359,37,4
359,13,4
359,29,2
359,3,0
360,49,2
360,60,2
360,41,4
360,23,3
360,4,4
360,19,4
360,2,2
360,18,4
361,0,3
361,11,3
361,1,4
361,8,4
361,38,4
361,13,3
361,47,4
361,12,2
362,20,3
362,73,3
362,99,3
362,13,4
362,53,2
362,2,4
362,21,3
362,25,3
363,24,2
363,15,4
363,8,4
363,16,4
363,1,4
363,7,4
363,27,2
363,18,4
364,15,4
364,31,3
364,6,1
364,59,0
364,24,4
364,2,4
364,11,4
364,40,4
365,7,3
365,72,2
365,13,3
365,4,4
365,78,2
365,5,3
365,15,4
365,23,2
366,13,3
366,16,0
366,74,3
366,17,2
366,24,2
366,76,4
366,41,4
366,50,2
367,34,3
367,52,2
367,79,2
367,68,2
367,7,3
367,56,1
367,21,3
367,14,2
368,9,1
368,2,4
368,23,4
368,50,4
368,45,2
368,21,4
368,25,4
368,26,3
369,12,0
369,17,1
369,73,2
369,6,0
369,33,0
369,21,3
369,3,3
369,15,1
370,54,0
370,14,0
370,9,4
370,11,2
370,36,2
370,17,0
370,10,4
370,3,1
371,80,2
371,30,2
371,15,1
371,64,0
371,0,4
371,21,2
371,27,1
371,33,2
372,4,2
372,12,2
372,13,4
372,73,4
372,21,4
372,18,4
372,27,4
372,14,4
373,3,4
373,32,2
373,29,4
373,28,2
373,15,4
373,24,4
373,25,4
373,18,3
374,27,3
374,31,2
374,36,3
374,30,4
374,17,2
374,1,2
374,7,1
374,13,4
375,4,4
375,19,4
375,10,4
375,8,4
375,5,2
375,44,4
375,81,4
375,66,2
376,81,2
376,13,4
376,46,2
376,33,3
376,48,3
376,15,4
376,55,3
376,3,3
377,67,4
377,40,2
377,26,3
377,57,3
377,65,2
377,6,3
377,8,4
377,14,4
378,4,4
378,74,3
378,46,0
378,12,1
378,9,4
378,26,3
378,2,4
378,70,3
379,2,4
379,56,3
379,33,2
379,17,2
379,58,2
379,19,3
379,5,3
379,12,2
380,22,3
380,8,3
380,5,3
380,45,2
380,14,1
380,34,1
380,28,1
380,10,1
381,4,2
381,1,1
381,3,3
381,17,2
381,13,4
381,67,1
381,10,2
381,97,1
382,34,4
382,84,3
382,5,4
382,6,4
382,40,4
382,38,4
382,19,4
382,52,4
383,1,3
383,17,3
383,88,4
383,5,4
383,9,4
383,23,3
383,81,3
383,3,4
384,2,2
384,21,2
384,24,1
384,39,2
384,1,3
384,8,3
384,7,4
384,5,4
385,26,4
385,20,4
385,13,4
385,0,4
385,6,4
385,8,4
385,19,4
385,43,4
386,13,0
386,10,3
386,19,3
386,17,1
386,15,2
386,23,2
386,26,2
386,1,2
387,5,2
387,12,2
387,3,3
387,33,2
387,0,4
387,4,2
387,1,2
387,57,2
388,40,3
388,35,2
388,22,3
388,1,4
388,3,4
388,6,4
388,9,4
388,14,3
389,46,4
389,87,2
389,10,4
389,2,3
389,36,4
389,4,3
389,12,3
389,5,3
390,14,1
390,13,1
390,7,3
390,37,1
390,31,1
390,38,0
390,29,3
390,1,3
391,29,2
391,18,4
391,89,2
391,51,3
391,2,4
391,20,4
391,52,2
391,31,4
392,12,4
392,11,4
392,3,3
392,17,4
392,5,4
392,14,4
392,21,4
392,27,3
393,1,2
393,20,3
393,19,4
393,22,3
393,37,4
393,58,2
393,13,4
393,15,3
394,26,3
394,7,2
394,2,3
394,22,4
394,21,4
394,10,3
394,8,1
394,50,1
395,4,4
395,3,2
395,19,4
395,58,3
395,48,3
395,0,1
395,2,4
395,98,3
396,36,2
396,9,4
396,17,1
396,18,3
396,1,3
396,14,2
396,2,4
396,6,1
397,24,0
397,5,2
397,25,2
397,14,0
397,6,0
397,10,0
397,3,1
397,1,4
398,10,4
398,8,4
398,18,3
398,20,4
398,40,2
398,7,2
398,5,4
398,53,4
399,87,2
399,25,2
399,9,4
399,3,4
399,19,4
399,31,4
399,7,2
399,12,4
400,2,4
400,58,4
400,15,3
400,8,4
400,75,2
400,57,4
400,3,4
400,32,4
401,49,4
401,55,4
401,7,1
401,25,4
401,34,4
401,19,3
401,1,4
401,30,1
402,21,0
402,40,1
402,7,1
402,45,1
402,3,3
402,4,0
402,49,2
402,51,0
403,11,4
403,1,4
403,64,3
403,12,4
403,19,4
403,17,4
403,53,3
403,86,2
404,26,2
404,4,4
404,22,2
404,7,4
404,9,3
404,15,4
404,80,4
404,39,3
405,22,4
405,17,3
405,35,3
405,24,2
405,9,4
405,7,2
405,8,4
405,13,3
406,2,4
406,3,4
406,28,1
406,27,3
406,51,2
406,1,4
406,11,2
406,20,4
407,34,3
407,54,2
407,2,4
407,24,1
407,77,1
407,11,4
407,4,1
407,7,4
408,53,0
408,25,1
408,3,2
408,0,4
408,26,0
408,4,4
408,1,0
408,62,0
409,24,1
409,77,1
409,0,4
409,61,2
409,16,2
409,26,3
409,3,3
409,5,3
410,10,4
410,73,1
410,52,2
410,61,0
410,33,4
410,6,4
410,18,1
410,12,4
411,24,0
411,45,1
411,9,4
411,39,2
411,4,4
411,3,0
411,11,3
411,43,3
412,25,3
412,6,0
412,10,4
412,41,4
412,11,4
412,28,3
412,22,4
412,15,4
413,62,2
413,5,3
413,41,2
413,61,4
413,6,4
413,72,1
413,30,1
413,14,2
414,32,4
414,39,2
414,42,3
414,64,4
414,7,4
414,21,4
414,0,4
414,5,0
415,5,3
415,26,4
415,6,0
415,10,2
415,32,0
415,0,4
415,50,2
415,7,3
416,15,4
416,21,4
416,0,2
416,62,4
416,11,4
416,2,4
416,34,4
416,3,3
417,37,4
417,28,2
417,18,4
417,6,4
417,8,4
417,25,2
417,3,4
417,35,0
418,67,4
418,82,2
418,33,4
418,32,3
418,19,2
418,15,3
418,20,4
418,3,4
419,22,4
419,63,0
419,39,0
419,27,0
419,42,0
419,6,0
419,32,0
419,28,0
420,1,3
420,7,3
420,2,4
420,14,3
420,37,3
420,51,2
420,15,4
420,5,2
421,7,3
421,35,3
421,50,4
421,60,3
421,4,4
421,72,4
421,33,1
421,42,1
422,19,4
422,4,4
422,11,2
422,8,3
422,3,4
422,10,4
422,23,0
422,27,2
423,2,4
423,29,4
423,11,2
423,89,3
423,53,4
423,16,0
423,79,2
423,51,0
424,22,4
424,27,4
424,3,3
424,12,3
424,6,3
424,5,3
424,1,4
424,35,4
425,62,4
425,43,4
425,1,3
425,8,4
425,37,4
425,18,2
425,56,3
425,11,4
426,12,1
426,4,2
426,41,3
426,1,3
426,18,4
426,69,1
426,37,4
426,7,4
427,38,4
427,96,2
427,8,4
427,63,4
427,47,3
427,55,4
427,24,4
427,18,4
428,14,0
428,42,1
428,63,2
428,23,0
428,78,1
428,34,2
428,0,0
428,72,3
429,36,3
429,14,2
429,57,2
429,51,2
429,3,3
429,41,3
429,49,1
429,15,4
430,48,4
430,3,3
430,19,4
430,17,3
430,18,4
430,99,4
430,75,4
430,71,3
431,49,3
431,15,4
431,10,1
431,21,2
431,13,3
431,70,4
431,5,3
431,25,1
432,3,3
432,49,3
432,65,1
432,16,4
432,92,2
432,30,3
432,17,2
432,2,4
433,11,4
433,8,4
433,22,4
433,49,2
433,63,2
433,1,3
433,87,2
433,3,3
434,9,1
434,6,0
434,4,0
434,51,3
434,5,4
434,42,2
434,12,3
434,26,3
435,0,3
435,8,4
435,38,3
435,70,2
435,11,4
435,17,3
435,27,4
435,16,3
436,12,0
436,16,3
436,18,0
436,0,4
436,36,0
436,9,4
436,51,0
436,6,1
437,33,0
437,9,4
437,14,2
437,31,3
437,4,2
437,28,0
437,40,2
437,13,2
438,12,3
438,19,4
438,59,2
438,0,4
438,70,2
438,26,4
438,22,4
438,41,3
439,10,4
439,4,4
439,6,3
439,88,3
439,74,4
439,2,4
439,24,4
439,28,4
440,22,4
440,27,3
440,4,4
440,12,3
440,31,1
440,17,3
440,47,4
440,10,3
441,97,2
441,5,3
441,53,4
441,7,2
441,25,3
441,77,2
441,79,4
441,28,2
442,26,3
442,81,4
442,23,4
442,3,3
442,14,4
442,7,3
442,36,4
442,18,4
443,0,4
443,52,4
443,57,3
443,9,4
443,51,4
443,15,4
443,3,3
443,24,1
444,10,1
444,12,0
444,15,4
444,87,1
444,8,3
444,36,0
444,11,4
444,39,2
445,11,4
445,56,4
445,20,4
445,13,4
445,31,4
445,17,0
445,28,4
445,3,4
446,3,4
446,15,1
446,0,4
446,7,4
446,22,4
446,17,3
446,25,4
446,29,4
447,16,3
447,2,3
447,1,4
447,12,4
447,20,3
447,15,4
447,32,2
447,3,4
448,54,2
448,20,4
448,3,1
448,21,2
448,34,1
448,68,4
448,12,4
448,28,4
449,8,4
449,7,4
449,0,4
449,6,1
449,28,0
449,48,0
449,46,2
449,85,4
450,26,3
450,29,2
450,18,2
450,34,3
450,58,3
450,14,3
450,92,3
450,21,4
451,51,0
451,61,4
451,11,4
451,12,0
451,2,4
451,5,4
451,33,4
451,52,0
452,25,4
452,95,4
452,73,4
452,9,4
452,6,0
452,14,3
452,29,2
452,5,0
453,43,3
453,26,3
453,28,1
453,47,3
453,27,4
453,7,2
453,30,2
453,35,4
454,2,3
454,64,0
454,16,4
454,13,3
454,14,4
454,5,3
454,15,3
454,26,4
455,18,4
455,5,3
455,1,2
455,4,4
455,32,4
455,85,3
455,23,2
455,44,4
456,0,4
456,9,3
456,15,3
456,42,2
456,12,2
456,18,1
456,61,3
456,94,2
457,9,3
457,6,4
457,18,3
457,27,3
457,28,3
457,64,4
457,72,4
457,15,4
458,27,4
458,12,4
458,9,4
458,1,3
458,43,3
458,5,3
458,13,4
458,24,3
459,75,4
459,12,4
459,4,4
459,13,4
459,48,3
459,33,4
459,41,4
459,2,4
460,35,4
460,4,4
460,31,4
460,60,2
460,64,1
460,45,2
460,10,3
460,93,2
461,2,3
461,20,4
461,5,3
461,58,3
461,6,4
461,1,4
461,21,2
461,9,3
462,13,4
462,8,4
462,7,2
462,10,2
462,25,4
462,33,3
462,29,2
462,12,4
463,8,4
463,29,2
463,24,3
463,27,4
463,28,3
463,3,4
463,1,4
463,0,4
464,42,3
464,25,4
464,20,4
464,11,4
464,6,3
464,13,4
464,4,4
464,45,2
465,22,4
465,23,3
465,4,4
465,0,4
465,1,3
465,30,2
465,11,3
465,12,2
466,31,3
466,11,4
466,66,4
466,43,4
466,63,2
466,5,4
466,15,4
466,8,3
467,2,4
467,7,2
467,68,2
467,5,4
467,24,3
467,20,3
467,26,3
467,90,0
468,27,3
468,2,3
468,15,0
468,12,4
468,23,0
468,1,1
468,3,4
468,4,4
469,10,4
469,38,1
469,2,2
469,23,4
469,7,2
469,94,2
469,39,4
469,3,2
470,18,4
470,30,4
470,10,4
470,48,3
470,0,4
470,5,4
470,31,4
470,49,4
471,32,4
471,0,2
471,27,3
471,40,0
471,19,4
471,2,2
471,72,3
471,13,3
472,31,2
472,48,3
472,1,4
472,0,4
472,14,3
472,2,3
472,83,1
472,62,0
473,27,4
473,19,4
473,15,2
473,22,2
473,7,3
473,11,4
473,10,2
473,41,4
474,29,1
474,9,4
474,39,3
474,18,2
474,31,4
474,19,4
474,5,3
474,25,4
475,8,4
475,35,2
475,15,4
475,45,4
475,20,3
475,12,3
475,3,4
475,27,4
476,13,4
476,53,3
476,50,3
476,8,4
476,77,2
476,40,2
476,3,2
476,22,2
477,67,3
477,81,2
477,5,3
477,9,3
477,20,4
477,59,2
477,69,2
477,36,4
478,22,4
478,7,4
478,1,3
478,4,3
478,23,3
478,13,3
478,11,4
478,84,2
479,6,0
479,24,0
479,40,2
479,30,4
479,13,0
479,82,4
479,89,0
479,22,4
480,74,2
480,21,4
480,12,4
480,11,4
480,41,4
480,9,4
480,0,2
480,17,4
481,25,3
481,7,4
481,9,4
481,10,4
481,93,0
481,14,4
481,8,4
481,30,1
482,37,4
482,39,2
482,5,4
482,9,4
482,11,3
482,20,4
482,19,4
482,53,2
483,19,4
483,2,3
483,40,2
483,32,3
483,4,4
483,0,2
483,20,4
483,33,2
484,14,4
484,8,4
484,17,2
484,59,4
484,10,3
484,32,4
484,29,2
484,94,2
485,57,3
485,20,3
485,2,4
485,9,4
485,1,2
485,41,4
485,13,2
485,3,4
486,33,0
486,22,1
486,14,3
486,13,0
486,21,0
486,55,1
486,41,3
486,2,3
487,63,2
487,5,0
487,51,3
487,12,4
487,29,4
487,4,2
487,79,2
487,34,4
488,11,4
488,23,4
488,20,4
488,5,4
488,14,4
488,2,4
488,13,4
488,1,3
489,10,1
489,46,1
489,65,2
489,16,3
489,32,2
489,49,1
489,12,2
489,34,1
490,48,2
490,3,3
490,7,3
490,56,1
490,4,3
490,2,2
490,20,4
490,24,2
491,7,4
491,6,0
491,24,0
491,4,4
491,39,2
491,21,4
491,20,4
491,46,3
492,1,3
492,72,2
492,49,2
492,16,2
492,11,2
492,19,4
492,21,3
492,84,2
493,23,0
493,15,4
493,2,4
493,65,3
493,18,0
493,3,4
493,6,2
493,8,2
494,21,1
494,12,2
494,38,4
494,23,2
494,15,2
494,50,0
494,24,2
494,60,4
495,21,3
495,37,3
495,43,4
495,17,4
495,27,3
495,25,3
495,3,1
495,72,2
496,6,4
496,44,3
496,33,2
496,12,3
496,5,3
496,65,2
496,52,2
496,19,0
497,4,4
497,21,3
497,16,3
497,24,3
497,37,4
497,11,3
497,3,3
497,13,2
498,22,4
498,10,4
498,23,0
498,5,3
498,33,1
498,24,0
498,0,4
498,13,0
499,3,2
499,13,4
499,23,4
499,19,4
499,21,4
499,28,4
499,61,3
499,15,2
